A0_syn, A1_syn, A0A1A2_assoc, A1A2A3_assoc, A2A3A4_assoc, A3A4A5_assoc, A4A5A6_assoc, A5A6A7_assoc, A6A7A8_assoc, A7A8A9_assoc, A8A9A10_assoc, A9A10A11_assoc, A10A11A12_assoc, A11A12A13_assoc, A12A13A14_assoc, A13A14A15_assoc, A14A15A16_assoc, A15A16A17_assoc, A16A17A18_assoc, A17A18A19_assoc, A18A19A20_assoc, , , rcrit_A0, rcrit_A1, rcrit_A2, rcrit_A3, rcrit_A4, rcrit_A5, rcrit_A6, rcrit_A7, rcrit_A8, rcrit_A9, rcrit_A10, rcrit_A11, rcrit_A12, rcrit_A13, rcrit_A14, rcrit_A15, rcrit_A16, rcrit_A17, rcrit_A18, rcrit_A19, rcrit_A20, 
4.709431331158729, 3.742346155415144, 5.545779879958417, 1.0703328620825125, 4.709431331158729, 3.742346155415144, 4.985634606376648, 5.869325563311602, 0.0357166811324916, 3.242600831668695, 0.648643414167499, 1.8716152733725377, 1.338424470685593, 3.2776840532747986, 6.50176704220495, 3.467252853142022, 7.726243568994512, 2.7762542821066494, 3.354785814130542, 8.457625901300187, 4.992142432957798,,,1,1,0.562154664705094,0.277986592009237,0.168667294387506,0.773356651862115,0.257646268034807,0.988052952074136,0.881901190811232,0.386594192924296,0.769549013400846,0.59529489495104,0.512421485247514,0.419744358889734,0.897994562637051,0.934452254482982,0.446786855946721,1,0.542031055825281,0.868042557721798,0.54134,
#1,1,0,0,0,0,0,0,0,0,0,0,0,0,0,1,1,1,1,1,1,,,1,1,1,1,1,1,1,1,1,1,1,1,1,1,1,1,1,1,1,1,1,
